filename,key
node_00000.png,0
node_00001.png,2
node_00002.png,1
node_00003.png,1
node_00004.png,4
node_00005.png,0
node_00006.png,5
node_00007.png,3
node_00008.png,2
node_00009.png,0
node_00010.png,4
node_00011.png,1
node_00012.png,2
node_00013.png,3
node_00014.png,0
node_00015.png,2
node_00016.png,1
node_00017.png,0
node_00018.png,4
node_00019.png,1
node_00020.png,3
node_00021.png,2
node_00022.png,0
node_00023.png,2
node_00024.png,1
node_00025.png,3
node_00026.png,4
node_00027.png,1
node_00028.png,2
node_00029.png,5
node_00030.png,0
node_00031.png,4
node_00032.png,2
node_00033.png,1
node_00034.png,3
node_00035.png,0
node_00036.png,3
node_00037.png,1
node_00038.png,2
node_00039.png,4
node_00040.png,0
node_00041.png,2
node_00042.png,5
node_00043.png,4
node_00044.png,3
node_00045.png,1
node_00046.png,0
node_00047.png,4
node_00048.png,3
node_00049.png,0
node_00050.png,2
node_00051.png,5
node_00052.png,1
node_00053.png,4
node_00054.png,3
node_00055.png,1
node_00056.png,0
node_00057.png,2
node_00058.png,2
node_00059.png,3
node_00060.png,1
node_00061.png,0
node_00062.png,4
node_00063.png,5
node_00064.png,0
node_00065.png,4
node_00066.png,2
node_00067.png,3
node_00068.png,1
node_00069.png,5
node_00070.png,1
node_00071.png,2
node_00072.png,4
node_00073.png,0
node_00074.png,3
node_00075.png,1
node_00076.png,5
node_00077.png,4
node_00078.png,2
node_00079.png,0
node_00080.png,3
node_00081.png,0
node_00082.png,3
node_00083.png,2
node_00084.png,5
node_00085.png,4
node_00086.png,1
node_00087.png,4
node_00088.png,3
node_00089.png,1
node_00090.png,2
node_00091.png,0
node_00092.png,1
node_00093.png,3
node_00094.png,2
node_00095.png,0
node_00096.png,3
node_00097.png,2
node_00098.png,4
node_00099.png,1
node_00100.png,0
node_00101.png,1
node_00102.png,3
node_00103.png,0
node_00104.png,2
node_00105.png,0
node_00106.png,3
node_00107.png,4
node_00108.png,1
node_00109.png,5
node_00110.png,2
node_00111.png,4
node_00112.png,0
node_00113.png,2
node_00114.png,1
node_00115.png,5
node_00116.png,3
node_00117.png,2
node_00118.png,3
node_00119.png,0
node_00120.png,1
node_00121.png,0
node_00122.png,2
node_00123.png,1
node_00124.png,3
node_00125.png,0
node_00126.png,1
node_00127.png,2
node_00128.png,3
node_00129.png,4
node_00130.png,0
node_00131.png,5
node_00132.png,1
node_00133.png,2
node_00134.png,0
node_00135.png,2
node_00136.png,1
node_00137.png,0
node_00138.png,3
node_00139.png,1
node_00140.png,5
node_00141.png,2
node_00142.png,4
node_00143.png,3
node_00144.png,2
node_00145.png,1
node_00146.png,0
node_00147.png,0
node_00148.png,2
node_00149.png,1
node_00150.png,0
node_00151.png,2
node_00152.png,1
node_00153.png,0
node_00154.png,2
node_00155.png,1
node_00156.png,2
node_00157.png,0
node_00158.png,3
node_00159.png,1
node_00160.png,3
node_00161.png,0
node_00162.png,1
node_00163.png,2
node_00164.png,4
node_00165.png,4
node_00166.png,5
node_00167.png,0
node_00168.png,3
node_00169.png,2
node_00170.png,1
node_00171.png,4
node_00172.png,3
node_00173.png,0
node_00174.png,1
node_00175.png,2
node_00176.png,1
node_00177.png,2
node_00178.png,0
node_00179.png,3
node_00180.png,3
node_00181.png,0
node_00182.png,1
node_00183.png,2
node_00184.png,0
node_00185.png,1
node_00186.png,2
node_00187.png,4
node_00188.png,3
node_00189.png,0
node_00190.png,1
node_00191.png,2
node_00192.png,4
node_00193.png,3
node_00194.png,2
node_00195.png,3
node_00196.png,4
node_00197.png,1
node_00198.png,0
node_00199.png,1
node_00200.png,3
node_00201.png,5
node_00202.png,4
node_00203.png,0
node_00204.png,2
node_00205.png,3
node_00206.png,1
node_00207.png,0
node_00208.png,2
node_00209.png,0
node_00210.png,2
node_00211.png,1
node_00212.png,4
node_00213.png,0
node_00214.png,3
node_00215.png,2
node_00216.png,1
node_00217.png,0
node_00218.png,2
node_00219.png,4
node_00220.png,3
node_00221.png,1
node_00222.png,2
node_00223.png,3
node_00224.png,1
node_00225.png,0
node_00226.png,4
node_00227.png,3
node_00228.png,0
node_00229.png,2
node_00230.png,4
node_00231.png,1
node_00232.png,5
node_00233.png,2
node_00234.png,4
node_00235.png,1
node_00236.png,0
node_00237.png,3
node_00238.png,2
node_00239.png,4
node_00240.png,0
node_00241.png,3
node_00242.png,1
node_00243.png,2
node_00244.png,4
node_00245.png,1
node_00246.png,3
node_00247.png,0
node_00248.png,2
node_00249.png,1
node_00250.png,3
node_00251.png,0
node_00252.png,4
node_00253.png,0
node_00254.png,4
node_00255.png,2
node_00256.png,1
node_00257.png,3
node_00258.png,1
node_00259.png,0
node_00260.png,3
node_00261.png,5
node_00262.png,2
node_00263.png,4
node_00264.png,0
node_00265.png,2
node_00266.png,1
node_00267.png,0
node_00268.png,2
node_00269.png,1
node_00270.png,0
node_00271.png,2
node_00272.png,1
node_00273.png,2
node_00274.png,0
node_00275.png,1
node_00276.png,3
node_00277.png,1
node_00278.png,0
node_00279.png,5
node_00280.png,4
node_00281.png,3
node_00282.png,2
node_00283.png,3
node_00284.png,1
node_00285.png,0
node_00286.png,2
node_00287.png,3
node_00288.png,2
node_00289.png,1
node_00290.png,0
node_00291.png,2
node_00292.png,3
node_00293.png,1
node_00294.png,0
node_00295.png,4
node_00296.png,0
node_00297.png,5
node_00298.png,1
node_00299.png,3
node_00300.png,2
node_00301.png,0
node_00302.png,2
node_00303.png,3
node_00304.png,4
node_00305.png,1
node_00306.png,5
node_00307.png,5
node_00308.png,3
node_00309.png,4
node_00310.png,0
node_00311.png,1
node_00312.png,2
node_00313.png,0
node_00314.png,3
node_00315.png,2
node_00316.png,1
node_00317.png,5
node_00318.png,4
node_00319.png,0
node_00320.png,3
node_00321.png,2
node_00322.png,1
node_00323.png,0
node_00324.png,1
node_00325.png,4
node_00326.png,3
node_00327.png,2
node_00328.png,1
node_00329.png,5
node_00330.png,2
node_00331.png,4
node_00332.png,3
node_00333.png,0
node_00334.png,0
node_00335.png,2
node_00336.png,1
node_00337.png,3
node_00338.png,4
node_00339.png,3
node_00340.png,1
node_00341.png,0
node_00342.png,2
node_00343.png,5
node_00344.png,3
node_00345.png,2
node_00346.png,5
node_00347.png,0
node_00348.png,4
node_00349.png,1
node_00350.png,5
node_00351.png,4
node_00352.png,1
node_00353.png,2
node_00354.png,0
node_00355.png,3
node_00356.png,2
node_00357.png,1
node_00358.png,0
node_00359.png,3
node_00360.png,3
node_00361.png,1
node_00362.png,0
node_00363.png,4
node_00364.png,2
node_00365.png,5
node_00366.png,1
node_00367.png,3
node_00368.png,2
node_00369.png,0
node_00370.png,0
node_00371.png,2
node_00372.png,1
node_00373.png,0
node_00374.png,2
node_00375.png,1
node_00376.png,2
node_00377.png,0
node_00378.png,3
node_00379.png,1
node_00380.png,4
node_00381.png,2
node_00382.png,1
node_00383.png,0
node_00384.png,3
node_00385.png,0
node_00386.png,2
node_00387.png,1
node_00388.png,0
node_00389.png,2
node_00390.png,1
node_00391.png,1
node_00392.png,0
node_00393.png,2
node_00394.png,3
node_00395.png,0
node_00396.png,1
node_00397.png,4
node_00398.png,3
node_00399.png,2
node_00400.png,0
node_00401.png,1
node_00402.png,3
node_00403.png,2
node_00404.png,3
node_00405.png,1
node_00406.png,0
node_00407.png,2
node_00408.png,2
node_00409.png,0
node_00410.png,1
node_00411.png,3
node_00412.png,4
node_00413.png,0
node_00414.png,2
node_00415.png,1
node_00416.png,0
node_00417.png,2
node_00418.png,1
node_00419.png,3
node_00420.png,0
node_00421.png,4
node_00422.png,2
node_00423.png,1
node_00424.png,0
node_00425.png,2
node_00426.png,1
node_00427.png,1
node_00428.png,2
node_00429.png,3
node_00430.png,0
node_00431.png,5
node_00432.png,4
node_00433.png,0
node_00434.png,2
node_00435.png,4
node_00436.png,3
node_00437.png,1
node_00438.png,0
node_00439.png,1
node_00440.png,3
node_00441.png,2
node_00442.png,4
node_00443.png,3
node_00444.png,1
node_00445.png,2
node_00446.png,0
node_00447.png,2
node_00448.png,1
node_00449.png,0
node_00450.png,3
node_00451.png,0
node_00452.png,1
node_00453.png,4
node_00454.png,3
node_00455.png,2
node_00456.png,3
node_00457.png,0
node_00458.png,2
node_00459.png,1
node_00460.png,4
node_00461.png,0
node_00462.png,3
node_00463.png,1
node_00464.png,2
node_00465.png,3
node_00466.png,0
node_00467.png,2
node_00468.png,1
node_00469.png,2
node_00470.png,1
node_00471.png,0
node_00472.png,3
node_00473.png,1
node_00474.png,3
node_00475.png,0
node_00476.png,4
node_00477.png,2
node_00478.png,0
node_00479.png,2
node_00480.png,1
node_00481.png,4
node_00482.png,5
node_00483.png,1
node_00484.png,2
node_00485.png,0
node_00486.png,3
node_00487.png,1
node_00488.png,4
node_00489.png,3
node_00490.png,2
node_00491.png,0
node_00492.png,5
node_00493.png,0
node_00494.png,2
node_00495.png,1
node_00496.png,0
node_00497.png,2
node_00498.png,1
node_00499.png,4
node_00500.png,3
node_00501.png,0
node_00502.png,2
node_00503.png,1
node_00504.png,2
node_00505.png,3
node_00506.png,0
node_00507.png,1
node_00508.png,3
node_00509.png,1
node_00510.png,2
node_00511.png,0
node_00512.png,0
node_00513.png,2
node_00514.png,1
node_00515.png,0
node_00516.png,3
node_00517.png,1
node_00518.png,2
node_00519.png,1
node_00520.png,4
node_00521.png,3
node_00522.png,2
node_00523.png,0
node_00524.png,2
node_00525.png,4
node_00526.png,5
node_00527.png,3
node_00528.png,0
node_00529.png,1
node_00530.png,2
node_00531.png,4
node_00532.png,1
node_00533.png,0
node_00534.png,3
node_00535.png,0
node_00536.png,1
node_00537.png,2
node_00538.png,4
node_00539.png,3
node_00540.png,0
node_00541.png,2
node_00542.png,1
node_00543.png,0
node_00544.png,2
node_00545.png,1
node_00546.png,2
node_00547.png,3
node_00548.png,1
node_00549.png,4
node_00550.png,0
node_00551.png,5
node_00552.png,4
node_00553.png,0
node_00554.png,2
node_00555.png,1
node_00556.png,3
node_00557.png,0
node_00558.png,2
node_00559.png,1
node_00560.png,2
node_00561.png,4
node_00562.png,3
node_00563.png,0
node_00564.png,5
node_00565.png,1
node_00566.png,0
node_00567.png,2
node_00568.png,1
node_00569.png,0
node_00570.png,3
node_00571.png,1
node_00572.png,2
node_00573.png,0
node_00574.png,2
node_00575.png,1
node_00576.png,3
node_00577.png,1
node_00578.png,0
node_00579.png,2
node_00580.png,4
node_00581.png,0
node_00582.png,3
node_00583.png,1
node_00584.png,2
node_00585.png,3
node_00586.png,1
node_00587.png,4
node_00588.png,0
node_00589.png,2
node_00590.png,0
node_00591.png,3
node_00592.png,1
node_00593.png,2
node_00594.png,0
node_00595.png,2
node_00596.png,1
node_00597.png,3
node_00598.png,0
node_00599.png,2
node_00600.png,1
node_00601.png,4
node_00602.png,5
node_00603.png,2
node_00604.png,1
node_00605.png,3
node_00606.png,0
node_00607.png,3
node_00608.png,0
node_00609.png,1
node_00610.png,2
node_00611.png,0
node_00612.png,4
node_00613.png,5
node_00614.png,3
node_00615.png,1
node_00616.png,2
node_00617.png,1
node_00618.png,2
node_00619.png,4
node_00620.png,3
node_00621.png,0
node_00622.png,0
node_00623.png,3
node_00624.png,1
node_00625.png,4
node_00626.png,2
node_00627.png,0
node_00628.png,3
node_00629.png,4
node_00630.png,2
node_00631.png,5
node_00632.png,1
node_00633.png,3
node_00634.png,0
node_00635.png,5
node_00636.png,1
node_00637.png,4
node_00638.png,2
node_00639.png,0
node_00640.png,3
node_00641.png,4
node_00642.png,2
node_00643.png,1
node_00644.png,0
node_00645.png,2
node_00646.png,1
node_00647.png,0
node_00648.png,3
node_00649.png,1
node_00650.png,2
node_00651.png,0
node_00652.png,4
node_00653.png,2
node_00654.png,3
node_00655.png,5
node_00656.png,1
node_00657.png,2
node_00658.png,1
node_00659.png,3
node_00660.png,4
node_00661.png,0
node_00662.png,0
node_00663.png,2
node_00664.png,1
node_00665.png,2
node_00666.png,1
node_00667.png,0
node_00668.png,3
node_00669.png,0
node_00670.png,2
node_00671.png,1
node_00672.png,1
node_00673.png,4
node_00674.png,0
node_00675.png,3
node_00676.png,2
node_00677.png,5
node_00678.png,2
node_00679.png,4
node_00680.png,3
node_00681.png,0
node_00682.png,1
node_00683.png,0
node_00684.png,2
node_00685.png,1
node_00686.png,1
node_00687.png,3
node_00688.png,0
node_00689.png,2
node_00690.png,2
node_00691.png,3
node_00692.png,0
node_00693.png,4
node_00694.png,1
node_00695.png,3
node_00696.png,1
node_00697.png,0
node_00698.png,2
node_00699.png,0
node_00700.png,3
node_00701.png,2
node_00702.png,1
node_00703.png,2
node_00704.png,3
node_00705.png,4
node_00706.png,1
node_00707.png,0
node_00708.png,0
node_00709.png,1
node_00710.png,2
node_00711.png,3
node_00712.png,0
node_00713.png,2
node_00714.png,1
node_00715.png,1
node_00716.png,4
node_00717.png,0
node_00718.png,3
node_00719.png,2
node_00720.png,0
node_00721.png,2
node_00722.png,1
node_00723.png,5
node_00724.png,2
node_00725.png,3
node_00726.png,1
node_00727.png,0
node_00728.png,4
node_00729.png,1
node_00730.png,5
node_00731.png,4
node_00732.png,0
node_00733.png,3
node_00734.png,2
node_00735.png,1
node_00736.png,0
node_00737.png,4
node_00738.png,2
node_00739.png,3
node_00740.png,1
node_00741.png,3
node_00742.png,0
node_00743.png,2
node_00744.png,4
node_00745.png,0
node_00746.png,2
node_00747.png,1
node_00748.png,0
node_00749.png,3
node_00750.png,1
node_00751.png,4
node_00752.png,2
node_00753.png,1
node_00754.png,0
node_00755.png,3
node_00756.png,0
node_00757.png,0
node_00758.png,1
node_00759.png,4
node_00760.png,3
node_00761.png,2
node_00762.png,3
node_00763.png,0
node_00764.png,4
node_00765.png,1
node_00766.png,2
node_00767.png,0
node_00768.png,2
node_00769.png,1
node_00770.png,0
node_00771.png,3
node_00772.png,1
node_00773.png,5
node_00774.png,4
node_00775.png,2
node_00776.png,5
node_00777.png,4
node_00778.png,1
node_00779.png,3
node_00780.png,0
node_00781.png,2
node_00782.png,2
node_00783.png,3
node_00784.png,0
node_00785.png,1
node_00786.png,3
node_00787.png,5
node_00788.png,4
node_00789.png,1
node_00790.png,2
node_00791.png,0
node_00792.png,3
node_00793.png,0
node_00794.png,1
node_00795.png,2
node_00796.png,1
node_00797.png,2
node_00798.png,0
node_00799.png,3
node_00800.png,3
node_00801.png,2
node_00802.png,0
node_00803.png,5
node_00804.png,4
node_00805.png,1
node_00806.png,3
node_00807.png,4
node_00808.png,2
node_00809.png,0
node_00810.png,1
node_00811.png,3
node_00812.png,4
node_00813.png,1
node_00814.png,0
node_00815.png,2
node_00816.png,3
node_00817.png,2
node_00818.png,1
node_00819.png,0
node_00820.png,0
node_00821.png,2
node_00822.png,1
node_00823.png,2
node_00824.png,5
node_00825.png,0
node_00826.png,1
node_00827.png,4
node_00828.png,3
node_00829.png,2
node_00830.png,1
node_00831.png,3
node_00832.png,0
node_00833.png,4
node_00834.png,1
node_00835.png,3
node_00836.png,0
node_00837.png,2
node_00838.png,0
node_00839.png,1
node_00840.png,3
node_00841.png,2
node_00842.png,0
node_00843.png,4
node_00844.png,2
node_00845.png,3
node_00846.png,1
node_00847.png,5
node_00848.png,1
node_00849.png,3
node_00850.png,2
node_00851.png,0
node_00852.png,0
node_00853.png,2
node_00854.png,1
node_00855.png,3
node_00856.png,2
node_00857.png,0
node_00858.png,1
node_00859.png,3
node_00860.png,1
node_00861.png,0
node_00862.png,4
node_00863.png,5
node_00864.png,2
node_00865.png,2
node_00866.png,3
node_00867.png,0
node_00868.png,1
node_00869.png,0
node_00870.png,2
node_00871.png,1
node_00872.png,5
node_00873.png,3
node_00874.png,4
node_00875.png,0
node_00876.png,2
node_00877.png,1
node_00878.png,1
node_00879.png,2
node_00880.png,3
node_00881.png,0
node_00882.png,3
node_00883.png,1
node_00884.png,2
node_00885.png,0
node_00886.png,3
node_00887.png,2
node_00888.png,0
node_00889.png,1
node_00890.png,0
node_00891.png,2
node_00892.png,1
node_00893.png,4
node_00894.png,3
node_00895.png,0
node_00896.png,2
node_00897.png,1
node_00898.png,1
node_00899.png,4
node_00900.png,3
node_00901.png,0
node_00902.png,2
node_00903.png,3
node_00904.png,2
node_00905.png,4
node_00906.png,5
node_00907.png,0
node_00908.png,1
node_00909.png,0
node_00910.png,2
node_00911.png,1
node_00912.png,4
node_00913.png,3
node_00914.png,0
node_00915.png,1
node_00916.png,2
node_00917.png,0
node_00918.png,2
node_00919.png,1
node_00920.png,5
node_00921.png,0
node_00922.png,2
node_00923.png,3
node_00924.png,1
node_00925.png,4
node_00926.png,3
node_00927.png,1
node_00928.png,0
node_00929.png,2
node_00930.png,4
node_00931.png,4
node_00932.png,1
node_00933.png,5
node_00934.png,2
node_00935.png,0
node_00936.png,3
node_00937.png,4
node_00938.png,2
node_00939.png,5
node_00940.png,1
node_00941.png,3
node_00942.png,0
node_00943.png,2
node_00944.png,1
node_00945.png,4
node_00946.png,0
node_00947.png,3
node_00948.png,0
node_00949.png,2
node_00950.png,1
node_00951.png,4
node_00952.png,0
node_00953.png,1
node_00954.png,2
node_00955.png,3
node_00956.png,0
node_00957.png,2
node_00958.png,1
node_00959.png,0
node_00960.png,2
node_00961.png,1
node_00962.png,0
node_00963.png,2
node_00964.png,1
node_00965.png,0
node_00966.png,2
node_00967.png,1
node_00968.png,2
node_00969.png,0
node_00970.png,3
node_00971.png,4
node_00972.png,5
node_00973.png,1
node_00974.png,2
node_00975.png,1
node_00976.png,5
node_00977.png,4
node_00978.png,3
node_00979.png,0
node_00980.png,5
node_00981.png,0
node_00982.png,1
node_00983.png,4
node_00984.png,2
node_00985.png,3
node_00986.png,3
node_00987.png,2
node_00988.png,1
node_00989.png,0
node_00990.png,1
node_00991.png,2
node_00992.png,3
node_00993.png,0
node_00994.png,0
node_00995.png,2
node_00996.png,1
node_00997.png,3
node_00998.png,0
node_00999.png,2
node_01000.png,4
node_01001.png,5
node_01002.png,1
node_01003.png,3
node_01004.png,0
node_01005.png,2
node_01006.png,1
node_01007.png,3
node_01008.png,2
node_01009.png,1
node_01010.png,4
node_01011.png,0
node_01012.png,0
node_01013.png,2
node_01014.png,1
node_01015.png,0
node_01016.png,3
node_01017.png,4
node_01018.png,2
node_01019.png,1
node_01020.png,0
node_01021.png,2
node_01022.png,1
node_01023.png,1
node_01024.png,3
node_01025.png,0
node_01026.png,4
node_01027.png,2
node_01028.png,0
node_01029.png,2
node_01030.png,1
node_01031.png,3
node_01032.png,1
node_01033.png,2
node_01034.png,4
node_01035.png,0
node_01036.png,1
node_01037.png,2
node_01038.png,3
node_01039.png,4
node_01040.png,0
node_01041.png,5
node_01042.png,4
node_01043.png,2
node_01044.png,3
node_01045.png,1
node_01046.png,0
node_01047.png,0
node_01048.png,2
node_01049.png,1
node_01050.png,0
node_01051.png,4
node_01052.png,3
node_01053.png,2
node_01054.png,1
node_01055.png,0
node_01056.png,1
node_01057.png,2
node_01058.png,3
node_01059.png,4
node_01060.png,0
node_01061.png,2
node_01062.png,1
node_01063.png,1
node_01064.png,2
node_01065.png,3
node_01066.png,0
node_01067.png,4
node_01068.png,5
node_01069.png,1
node_01070.png,4
node_01071.png,3
node_01072.png,0
node_01073.png,2
node_01074.png,4
node_01075.png,5
node_01076.png,1
node_01077.png,3
node_01078.png,0
node_01079.png,2
node_01080.png,1
node_01081.png,3
node_01082.png,4
node_01083.png,0
node_01084.png,2
node_01085.png,3
node_01086.png,2
node_01087.png,0
node_01088.png,1
node_01089.png,2
node_01090.png,1
node_01091.png,3
node_01092.png,4
node_01093.png,0
node_01094.png,0
node_01095.png,1
node_01096.png,3
node_01097.png,4
node_01098.png,2
node_01099.png,3
node_01100.png,2
node_01101.png,1
node_01102.png,0
node_01103.png,2
node_01104.png,3
node_01105.png,1
node_01106.png,0
node_01107.png,5
node_01108.png,1
node_01109.png,0
node_01110.png,2
node_01111.png,4
node_01112.png,3
node_01113.png,1
node_01114.png,3
node_01115.png,0
node_01116.png,2
node_01117.png,4
node_01118.png,2
node_01119.png,4
node_01120.png,3
node_01121.png,0
node_01122.png,1
node_01123.png,0
node_01124.png,2
node_01125.png,1
node_01126.png,3
node_01127.png,2
node_01128.png,0
node_01129.png,1
node_01130.png,0
node_01131.png,3
node_01132.png,2
node_01133.png,1
node_01134.png,4
node_01135.png,3
node_01136.png,0
node_01137.png,2
node_01138.png,1
node_01139.png,2
node_01140.png,0
node_01141.png,3
node_01142.png,1
node_01143.png,1
node_01144.png,5
node_01145.png,4
node_01146.png,0
node_01147.png,3
node_01148.png,2
node_01149.png,2
node_01150.png,0
node_01151.png,4
node_01152.png,1
node_01153.png,3
node_01154.png,3
node_01155.png,4
node_01156.png,2
node_01157.png,0
node_01158.png,1
node_01159.png,5
node_01160.png,1
node_01161.png,3
node_01162.png,0
node_01163.png,2
node_01164.png,2
node_01165.png,4
node_01166.png,0
node_01167.png,3
node_01168.png,1
node_01169.png,2
node_01170.png,0
node_01171.png,4
node_01172.png,3
node_01173.png,1
node_01174.png,3
node_01175.png,2
node_01176.png,5
node_01177.png,0
node_01178.png,4
node_01179.png,1
node_01180.png,0
node_01181.png,2
node_01182.png,3
node_01183.png,4
node_01184.png,1
node_01185.png,2
node_01186.png,1
node_01187.png,0
node_01188.png,3
node_01189.png,2
node_01190.png,3
node_01191.png,4
node_01192.png,5
node_01193.png,0
node_01194.png,1
node_01195.png,3
node_01196.png,0
node_01197.png,2
node_01198.png,1
node_01199.png,2
node_01200.png,3
node_01201.png,1
node_01202.png,0
node_01203.png,0
node_01204.png,1
node_01205.png,3
node_01206.png,2
node_01207.png,2
node_01208.png,4
node_01209.png,3
node_01210.png,5
node_01211.png,0
node_01212.png,1
node_01213.png,4
node_01214.png,1
node_01215.png,3
node_01216.png,0
node_01217.png,2
node_01218.png,4
node_01219.png,5
node_01220.png,1
node_01221.png,3
node_01222.png,2
node_01223.png,0
node_01224.png,2
node_01225.png,3
node_01226.png,1
node_01227.png,0
node_01228.png,4
node_01229.png,5
node_01230.png,3
node_01231.png,4
node_01232.png,1
node_01233.png,0
node_01234.png,2
node_01235.png,0
node_01236.png,1
node_01237.png,5
node_01238.png,4
node_01239.png,3
node_01240.png,2
node_01241.png,1
node_01242.png,0
node_01243.png,3
node_01244.png,4
node_01245.png,2
node_01246.png,1
node_01247.png,2
node_01248.png,0
node_01249.png,3
node_01250.png,2
node_01251.png,1
node_01252.png,3
node_01253.png,0
node_01254.png,5
node_01255.png,4
node_01256.png,4
node_01257.png,0
node_01258.png,1
node_01259.png,2
node_01260.png,5
node_01261.png,3
node_01262.png,4
node_01263.png,1
node_01264.png,3
node_01265.png,5
node_01266.png,2
node_01267.png,0
node_01268.png,1
node_01269.png,2
node_01270.png,5
node_01271.png,4
node_01272.png,0
node_01273.png,3
node_01274.png,0
node_01275.png,2
node_01276.png,1
node_01277.png,1
node_01278.png,0
node_01279.png,5
node_01280.png,4
node_01281.png,3
node_01282.png,2
node_01283.png,1
node_01284.png,2
node_01285.png,3
node_01286.png,0
node_01287.png,0
node_01288.png,3
node_01289.png,2
node_01290.png,1
node_01291.png,0
node_01292.png,5
node_01293.png,1
node_01294.png,2
node_01295.png,4
node_01296.png,3
node_01297.png,1
node_01298.png,0
node_01299.png,2
node_01300.png,3
node_01301.png,0
node_01302.png,2
node_01303.png,1
node_01304.png,4
node_01305.png,3
node_01306.png,0
node_01307.png,1
node_01308.png,2
node_01309.png,1
node_01310.png,4
node_01311.png,3
node_01312.png,2
node_01313.png,5
node_01314.png,0
node_01315.png,2
node_01316.png,5
node_01317.png,1
node_01318.png,4
node_01319.png,0
node_01320.png,3
node_01321.png,0
node_01322.png,2
node_01323.png,3
node_01324.png,4
node_01325.png,1
node_01326.png,2
node_01327.png,0
node_01328.png,4
node_01329.png,1
node_01330.png,3
node_01331.png,2
node_01332.png,1
node_01333.png,5
node_01334.png,3
node_01335.png,4
node_01336.png,0
node_01337.png,0
node_01338.png,2
node_01339.png,1
node_01340.png,3
node_01341.png,3
node_01342.png,1
node_01343.png,2
node_01344.png,0
node_01345.png,0
node_01346.png,2
node_01347.png,1
node_01348.png,3
node_01349.png,1
node_01350.png,0
node_01351.png,4
node_01352.png,5
node_01353.png,2
node_01354.png,0
node_01355.png,1
node_01356.png,4
node_01357.png,3
node_01358.png,2
node_01359.png,0
node_01360.png,2
node_01361.png,1
node_01362.png,0
node_01363.png,3
node_01364.png,1
node_01365.png,2
node_01366.png,4
node_01367.png,1
node_01368.png,3
node_01369.png,2
node_01370.png,0
node_01371.png,3
node_01372.png,1
node_01373.png,2
node_01374.png,0
node_01375.png,0
node_01376.png,2
node_01377.png,1
node_01378.png,5
node_01379.png,2
node_01380.png,1
node_01381.png,4
node_01382.png,3
node_01383.png,0
node_01384.png,3
node_01385.png,2
node_01386.png,1
node_01387.png,0
node_01388.png,0
node_01389.png,2
node_01390.png,1
node_01391.png,5
node_01392.png,4
node_01393.png,2
node_01394.png,1
node_01395.png,3
node_01396.png,0
node_01397.png,1
node_01398.png,3
node_01399.png,4
node_01400.png,0
node_01401.png,2
node_01402.png,1
node_01403.png,4
node_01404.png,0
node_01405.png,3
node_01406.png,2
node_01407.png,0
node_01408.png,2
node_01409.png,1
node_01410.png,2
node_01411.png,1
node_01412.png,3
node_01413.png,4
node_01414.png,0
node_01415.png,3
node_01416.png,1
node_01417.png,4
node_01418.png,0
node_01419.png,5
node_01420.png,2
node_01421.png,1
node_01422.png,0
node_01423.png,2
node_01424.png,4
node_01425.png,3
node_01426.png,4
node_01427.png,1
node_01428.png,2
node_01429.png,3
node_01430.png,0
node_01431.png,4
node_01432.png,1
node_01433.png,2
node_01434.png,0
node_01435.png,3
node_01436.png,5
node_01437.png,3
node_01438.png,0
node_01439.png,1
node_01440.png,2
node_01441.png,0
node_01442.png,2
node_01443.png,1
node_01444.png,2
node_01445.png,1
node_01446.png,3
node_01447.png,0
node_01448.png,1
node_01449.png,3
node_01450.png,2
node_01451.png,5
node_01452.png,4
node_01453.png,0
node_01454.png,5
node_01455.png,3
node_01456.png,1
node_01457.png,4
node_01458.png,0
node_01459.png,2
node_01460.png,3
node_01461.png,2
node_01462.png,0
node_01463.png,1
node_01464.png,0
node_01465.png,2
node_01466.png,1
node_01467.png,0
node_01468.png,4
node_01469.png,5
node_01470.png,2
node_01471.png,3
node_01472.png,1
node_01473.png,0
node_01474.png,2
node_01475.png,1
node_01476.png,3
node_01477.png,1
node_01478.png,2
node_01479.png,0
node_01480.png,3
node_01481.png,0
node_01482.png,1
node_01483.png,4
node_01484.png,2
node_01485.png,0
node_01486.png,2
node_01487.png,1
node_01488.png,3
node_01489.png,0
node_01490.png,1
node_01491.png,2
node_01492.png,5
node_01493.png,4
node_01494.png,1
node_01495.png,2
node_01496.png,4
node_01497.png,3
node_01498.png,0
node_01499.png,2
node_01500.png,3
node_01501.png,0
node_01502.png,4
node_01503.png,1
node_01504.png,0
node_01505.png,2
node_01506.png,3
node_01507.png,1
node_01508.png,4
node_01509.png,3
node_01510.png,0
node_01511.png,1
node_01512.png,2
node_01513.png,5
node_01514.png,3
node_01515.png,4
node_01516.png,2
node_01517.png,0
node_01518.png,1
node_01519.png,0
node_01520.png,2
node_01521.png,1
node_01522.png,1
node_01523.png,3
node_01524.png,2
node_01525.png,4
node_01526.png,0
node_01527.png,5
node_01528.png,2
node_01529.png,0
node_01530.png,1
node_01531.png,3
node_01532.png,4
node_01533.png,2
node_01534.png,1
node_01535.png,0
node_01536.png,3
node_01537.png,0
node_01538.png,3
node_01539.png,2
node_01540.png,1
node_01541.png,2
node_01542.png,1
node_01543.png,3
node_01544.png,0
node_01545.png,4
node_01546.png,1
node_01547.png,0
node_01548.png,2
node_01549.png,3
node_01550.png,1
node_01551.png,3
node_01552.png,2
node_01553.png,5
node_01554.png,4
node_01555.png,0
node_01556.png,0
node_01557.png,3
node_01558.png,1
node_01559.png,2
node_01560.png,1
node_01561.png,2
node_01562.png,3
node_01563.png,0
node_01564.png,2
node_01565.png,3
node_01566.png,1
node_01567.png,0
node_01568.png,0
node_01569.png,2
node_01570.png,1
node_01571.png,3
node_01572.png,4
node_01573.png,0
node_01574.png,3
node_01575.png,2
node_01576.png,1
node_01577.png,2
node_01578.png,1
node_01579.png,0
node_01580.png,3
node_01581.png,0
node_01582.png,1
node_01583.png,2
node_01584.png,3
node_01585.png,2
node_01586.png,1
node_01587.png,5
node_01588.png,4
node_01589.png,3
node_01590.png,0
node_01591.png,1
node_01592.png,3
node_01593.png,2
node_01594.png,5
node_01595.png,4
node_01596.png,0
node_01597.png,0
node_01598.png,1
node_01599.png,3
node_01600.png,2
node_01601.png,2
node_01602.png,3
node_01603.png,0
node_01604.png,1
node_01605.png,4
node_01606.png,0
node_01607.png,2
node_01608.png,1
node_01609.png,4
node_01610.png,5
node_01611.png,0
node_01612.png,2
node_01613.png,3
node_01614.png,1
node_01615.png,4
node_01616.png,2
node_01617.png,3
node_01618.png,1
node_01619.png,0
node_01620.png,4
node_01621.png,2
node_01622.png,0
node_01623.png,3
node_01624.png,1
node_01625.png,0
node_01626.png,2
node_01627.png,1
node_01628.png,0
node_01629.png,2
node_01630.png,3
node_01631.png,4
node_01632.png,1
node_01633.png,5
node_01634.png,0
node_01635.png,5
node_01636.png,4
node_01637.png,2
node_01638.png,3
node_01639.png,1
node_01640.png,3
node_01641.png,1
node_01642.png,4
node_01643.png,2
node_01644.png,0
node_01645.png,0
node_01646.png,2
node_01647.png,1
node_01648.png,2
node_01649.png,1
node_01650.png,0
node_01651.png,4
node_01652.png,3
node_01653.png,3
node_01654.png,0
node_01655.png,2
node_01656.png,1
node_01657.png,2
node_01658.png,0
node_01659.png,3
node_01660.png,1
node_01661.png,0
node_01662.png,4
node_01663.png,2
node_01664.png,3
node_01665.png,5
node_01666.png,1
node_01667.png,3
node_01668.png,0
node_01669.png,1
node_01670.png,4
node_01671.png,2
node_01672.png,1
node_01673.png,0
node_01674.png,3
node_01675.png,2
node_01676.png,3
node_01677.png,4
node_01678.png,2
node_01679.png,1
node_01680.png,5
node_01681.png,0
node_01682.png,0
node_01683.png,2
node_01684.png,1
node_01685.png,0
node_01686.png,2
node_01687.png,1
node_01688.png,3
node_01689.png,0
node_01690.png,1
node_01691.png,4
node_01692.png,2
node_01693.png,3
node_01694.png,4
node_01695.png,0
node_01696.png,5
node_01697.png,2
node_01698.png,1
node_01699.png,1
node_01700.png,3
node_01701.png,0
node_01702.png,4
node_01703.png,2
node_01704.png,5
node_01705.png,3
node_01706.png,5
node_01707.png,4
node_01708.png,1
node_01709.png,0
node_01710.png,2
node_01711.png,0
node_01712.png,2
node_01713.png,1
node_01714.png,0
node_01715.png,2
node_01716.png,1
node_01717.png,0
node_01718.png,2
node_01719.png,1
node_01720.png,0
node_01721.png,2
node_01722.png,1
node_01723.png,1
node_01724.png,0
node_01725.png,4
node_01726.png,3
node_01727.png,2
node_01728.png,3
node_01729.png,1
node_01730.png,0
node_01731.png,2
node_01732.png,3
node_01733.png,1
node_01734.png,4
node_01735.png,2
node_01736.png,0
node_01737.png,1
node_01738.png,0
node_01739.png,2
node_01740.png,3
node_01741.png,4
node_01742.png,2
node_01743.png,3
node_01744.png,0
node_01745.png,1
node_01746.png,1
node_01747.png,3
node_01748.png,0
node_01749.png,2
node_01750.png,4
node_01751.png,2
node_01752.png,0
node_01753.png,4
node_01754.png,3
node_01755.png,1
node_01756.png,0
node_01757.png,3
node_01758.png,1
node_01759.png,2
node_01760.png,0
node_01761.png,2
node_01762.png,1
node_01763.png,3
node_01764.png,5
node_01765.png,0
node_01766.png,2
node_01767.png,1
node_01768.png,4
node_01769.png,1
node_01770.png,4
node_01771.png,3
node_01772.png,2
node_01773.png,0
node_01774.png,1
node_01775.png,3
node_01776.png,2
node_01777.png,0
node_01778.png,3
node_01779.png,1
node_01780.png,2
node_01781.png,0
node_01782.png,4
node_01783.png,2
node_01784.png,0
node_01785.png,1
node_01786.png,3
node_01787.png,3
node_01788.png,2
node_01789.png,0
node_01790.png,1
node_01791.png,3
node_01792.png,1
node_01793.png,2
node_01794.png,0
node_01795.png,0
node_01796.png,1
node_01797.png,3
node_01798.png,2
node_01799.png,0
node_01800.png,2
node_01801.png,1
node_01802.png,0
node_01803.png,2
node_01804.png,1
node_01805.png,0
node_01806.png,1
node_01807.png,3
node_01808.png,2
node_01809.png,5
node_01810.png,4
node_01811.png,3
node_01812.png,1
node_01813.png,0
node_01814.png,2
node_01815.png,1
node_01816.png,4
node_01817.png,0
node_01818.png,2
node_01819.png,3
node_01820.png,3
node_01821.png,0
node_01822.png,2
node_01823.png,1
node_01824.png,2
node_01825.png,0
node_01826.png,5
node_01827.png,4
node_01828.png,1
node_01829.png,3
node_01830.png,4
node_01831.png,1
node_01832.png,2
node_01833.png,5
node_01834.png,3
node_01835.png,0
node_01836.png,2
node_01837.png,0
node_01838.png,3
node_01839.png,1
node_01840.png,0
node_01841.png,2
node_01842.png,1
node_01843.png,0
node_01844.png,3
node_01845.png,4
node_01846.png,2
node_01847.png,1
node_01848.png,3
node_01849.png,2
node_01850.png,1
node_01851.png,0
node_01852.png,0
node_01853.png,4
node_01854.png,1
node_01855.png,3
node_01856.png,5
node_01857.png,2
node_01858.png,1
node_01859.png,0
node_01860.png,4
node_01861.png,5
node_01862.png,2
node_01863.png,3
node_01864.png,3
node_01865.png,0
node_01866.png,2
node_01867.png,1
node_01868.png,2
node_01869.png,1
node_01870.png,3
node_01871.png,0
node_01872.png,0
node_01873.png,2
node_01874.png,1
node_01875.png,2
node_01876.png,1
node_01877.png,3
node_01878.png,0
node_01879.png,2
node_01880.png,3
node_01881.png,0
node_01882.png,1
node_01883.png,4
node_01884.png,2
node_01885.png,0
node_01886.png,3
node_01887.png,4
node_01888.png,1
node_01889.png,3
node_01890.png,1
node_01891.png,2
node_01892.png,4
node_01893.png,0
node_01894.png,3
node_01895.png,2
node_01896.png,1
node_01897.png,0
node_01898.png,3
node_01899.png,1
node_01900.png,2
node_01901.png,0
node_01902.png,2
node_01903.png,0
node_01904.png,3
node_01905.png,4
node_01906.png,1
node_01907.png,0
node_01908.png,3
node_01909.png,2
node_01910.png,4
node_01911.png,1
node_01912.png,0
node_01913.png,2
node_01914.png,3
node_01915.png,1
node_01916.png,4
node_01917.png,0
node_01918.png,2
node_01919.png,1
node_01920.png,0
node_01921.png,2
node_01922.png,1
node_01923.png,3
node_01924.png,1
node_01925.png,2
node_01926.png,0
node_01927.png,2
node_01928.png,0
node_01929.png,1
node_01930.png,3
node_01931.png,4
node_01932.png,1
node_01933.png,0
node_01934.png,3
node_01935.png,2
node_01936.png,4
node_01937.png,1
node_01938.png,2
node_01939.png,0
node_01940.png,4
node_01941.png,5
node_01942.png,3
node_01943.png,3
node_01944.png,1
node_01945.png,0
node_01946.png,2
node_01947.png,2
node_01948.png,1
node_01949.png,4
node_01950.png,3
node_01951.png,0
node_01952.png,0
node_01953.png,3
node_01954.png,1
node_01955.png,4
node_01956.png,2
node_01957.png,0
node_01958.png,1
node_01959.png,4
node_01960.png,5
node_01961.png,2
node_01962.png,3
node_01963.png,3
node_01964.png,1
node_01965.png,0
node_01966.png,2
node_01967.png,4
node_01968.png,2
node_01969.png,5
node_01970.png,3
node_01971.png,0
node_01972.png,1
node_01973.png,2
node_01974.png,3
node_01975.png,0
node_01976.png,1
node_01977.png,0
node_01978.png,2
node_01979.png,1
node_01980.png,2
node_01981.png,0
node_01982.png,1
node_01983.png,3
node_01984.png,0
node_01985.png,2
node_01986.png,1
node_01987.png,1
node_01988.png,0
node_01989.png,3
node_01990.png,2
node_01991.png,2
node_01992.png,0
node_01993.png,3
node_01994.png,1
node_01995.png,2
node_01996.png,1
node_01997.png,0
node_01998.png,3
node_01999.png,4
node_02000.png,0
node_02001.png,2
node_02002.png,1
node_02003.png,0
node_02004.png,2
node_02005.png,1
node_02006.png,1
node_02007.png,0
node_02008.png,4
node_02009.png,3
node_02010.png,2
node_02011.png,0
node_02012.png,3
node_02013.png,4
node_02014.png,2
node_02015.png,1
node_02016.png,4
node_02017.png,3
node_02018.png,2
node_02019.png,0
node_02020.png,5
node_02021.png,1
node_02022.png,2
node_02023.png,1
node_02024.png,4
node_02025.png,5
node_02026.png,3
node_02027.png,0
node_02028.png,0
node_02029.png,2
node_02030.png,1
node_02031.png,0
node_02032.png,2
node_02033.png,1
node_02034.png,0
node_02035.png,3
node_02036.png,4
node_02037.png,2
node_02038.png,1
node_02039.png,0
node_02040.png,2
node_02041.png,1
node_02042.png,3
node_02043.png,1
node_02044.png,4
node_02045.png,0
node_02046.png,2
node_02047.png,5
node_02048.png,2
node_02049.png,4
node_02050.png,1
node_02051.png,3
node_02052.png,0
node_02053.png,0
node_02054.png,1
node_02055.png,3
node_02056.png,4
node_02057.png,2
node_02058.png,5
node_02059.png,3
node_02060.png,0
node_02061.png,1
node_02062.png,2
node_02063.png,0
node_02064.png,2
node_02065.png,1
node_02066.png,0
node_02067.png,2
node_02068.png,1
node_02069.png,2
node_02070.png,3
node_02071.png,0
node_02072.png,1
node_02073.png,4
node_02074.png,4
node_02075.png,0
node_02076.png,1
node_02077.png,2
node_02078.png,5
node_02079.png,3
node_02080.png,4
node_02081.png,1
node_02082.png,0
node_02083.png,2
node_02084.png,5
node_02085.png,3
node_02086.png,4
node_02087.png,3
node_02088.png,0
node_02089.png,2
node_02090.png,5
node_02091.png,1
node_02092.png,0
node_02093.png,3
node_02094.png,2
node_02095.png,4
node_02096.png,1
node_02097.png,2
node_02098.png,0
node_02099.png,3
node_02100.png,1
node_02101.png,3
node_02102.png,1
node_02103.png,2
node_02104.png,4
node_02105.png,0
node_02106.png,3
node_02107.png,0
node_02108.png,4
node_02109.png,2
node_02110.png,1
node_02111.png,2
node_02112.png,4
node_02113.png,1
node_02114.png,0
node_02115.png,3
node_02116.png,0
node_02117.png,2
node_02118.png,1
node_02119.png,0
node_02120.png,2
node_02121.png,1
node_02122.png,0
node_02123.png,2
node_02124.png,1
node_02125.png,1
node_02126.png,3
node_02127.png,2
node_02128.png,0
node_02129.png,1
node_02130.png,0
node_02131.png,3
node_02132.png,2
node_02133.png,5
node_02134.png,0
node_02135.png,1
node_02136.png,2
node_02137.png,3
node_02138.png,4
node_02139.png,3
node_02140.png,2
node_02141.png,1
node_02142.png,4
node_02143.png,0
node_02144.png,0
node_02145.png,2
node_02146.png,1
node_02147.png,0
node_02148.png,4
node_02149.png,1
node_02150.png,2
node_02151.png,3
node_02152.png,5
node_02153.png,1
node_02154.png,4
node_02155.png,0
node_02156.png,3
node_02157.png,2
node_02158.png,2
node_02159.png,2
node_02160.png,1
node_02161.png,5
node_02162.png,0
node_02163.png,4
node_02164.png,0
node_02165.png,2
node_02166.png,1
node_02167.png,0
node_02168.png,4
node_02169.png,1
node_02170.png,5
node_02171.png,2
node_02172.png,3
node_02173.png,0
node_02174.png,2
node_02175.png,1
node_02176.png,3
node_02177.png,0
node_02178.png,1
node_02179.png,4
node_02180.png,2
node_02181.png,4
node_02182.png,3
node_02183.png,2
node_02184.png,1
node_02185.png,0
node_02186.png,1
node_02187.png,3
node_02188.png,0
node_02189.png,2
node_02190.png,3
node_02191.png,0
node_02192.png,2
node_02193.png,1
node_02194.png,1
node_02195.png,0
node_02196.png,2
node_02197.png,3
node_02198.png,4
node_02199.png,0
node_02200.png,2
node_02201.png,1
node_02202.png,0
node_02203.png,2
node_02204.png,1
node_02205.png,3
node_02206.png,1
node_02207.png,2
node_02208.png,0
node_02209.png,3
node_02210.png,2
node_02211.png,1
node_02212.png,0
node_02213.png,0
node_02214.png,1
node_02215.png,2
node_02216.png,4
node_02217.png,3
node_02218.png,2
node_02219.png,3
node_02220.png,0
node_02221.png,1
node_02222.png,2
node_02223.png,4
node_02224.png,0
node_02225.png,1
node_02226.png,3
node_02227.png,2
node_02228.png,3
node_02229.png,0
node_02230.png,1
node_02231.png,3
node_02232.png,0
node_02233.png,4
node_02234.png,2
node_02235.png,1
node_02236.png,5
node_02237.png,4
node_02238.png,3
node_02239.png,2
node_02240.png,0
node_02241.png,1
node_02242.png,2
node_02243.png,0
node_02244.png,3
node_02245.png,1
node_02246.png,1
node_02247.png,2
node_02248.png,3
node_02249.png,0
node_02250.png,0
node_02251.png,2
node_02252.png,1
node_02253.png,0
node_02254.png,4
node_02255.png,1
node_02256.png,3
node_02257.png,2
node_02258.png,0
node_02259.png,3
node_02260.png,2
node_02261.png,1
node_02262.png,3
node_02263.png,0
node_02264.png,1
node_02265.png,2
node_02266.png,3
node_02267.png,1
node_02268.png,2
node_02269.png,0
node_02270.png,0
node_02271.png,2
node_02272.png,1
node_02273.png,0
node_02274.png,2
node_02275.png,1
node_02276.png,3
node_02277.png,0
node_02278.png,4
node_02279.png,1
node_02280.png,2
